seed,retrieval_mode,policy,recall@10,recall@20,recall@50,recall@100,precision@10,map@10,ndcg@10,mrr,candidate_recall@100
42,tfidf,retrieval_only,0.5392270238296101,0.6619181567947232,0.7983386630093576,0.8859162406979816,0.366,0.43077464029644336,0.6034612787622073,0.7075278764737643,0.8859162406979816
42,tfidf,v1_relevance,0.43188845249174573,0.5821245437363484,0.7764055720191961,0.8859162406979816,0.322,0.3076709990233127,0.4844237374656552,0.5891950329590704,0.8859162406979816
42,tfidf,experimental_ranker,0.43188845249174573,0.5821245437363484,0.7764055720191961,0.8859162406979816,0.322,0.3076709990233127,0.4844237374656552,0.5891950329590704,0.8859162406979816
42,tfidf,blended_policy,0.43188845249174573,0.5821245437363484,0.7764055720191961,0.8859162406979816,0.322,0.3076709990233127,0.4844237374656552,0.5891950329590704,0.8859162406979816
42,hybrid_rrf,retrieval_only,0.5622029737647343,0.6794554442029177,0.8271868233377226,0.8935168722539811,0.36600000000000005,0.42871396683396656,0.6121336046557383,0.7182825754532439,0.8935168722539811
42,hybrid_rrf,v1_relevance,0.4449385551223412,0.5899400295332559,0.7882175290626321,0.8935168722539811,0.32466666666666666,0.31541594661268463,0.4909474148710789,0.5867437687945917,0.8935168722539811
42,hybrid_rrf,experimental_ranker,0.4449385551223412,0.5899400295332559,0.7882175290626321,0.8935168722539811,0.32466666666666666,0.31541594661268463,0.4909474148710789,0.5867437687945917,0.8935168722539811
42,hybrid_rrf,blended_policy,0.4449385551223412,0.5899400295332559,0.7882175290626321,0.8935168722539811,0.32466666666666666,0.31541594661268463,0.4909474148710789,0.5867437687945917,0.8935168722539811
52,tfidf,retrieval_only,0.5535266134746301,0.6873656063222511,0.8139435700237557,0.8825654447254808,0.3826666666666667,0.44303097067599867,0.628889505804474,0.7295213744352299,0.8825654447254808
52,tfidf,v1_relevance,0.49081257590898303,0.6152129063984307,0.7812311814150177,0.8825654447254808,0.35600000000000004,0.36767886260553423,0.5559671691379232,0.6521413324299026,0.8825654447254808
52,tfidf,experimental_ranker,0.49081257590898303,0.6152129063984307,0.7812311814150177,0.8825654447254808,0.35600000000000004,0.36767886260553423,0.5559671691379232,0.6521413324299026,0.8825654447254808
52,tfidf,blended_policy,0.49081257590898303,0.6152129063984307,0.7812311814150177,0.8825654447254808,0.35600000000000004,0.36767886260553423,0.5559671691379232,0.6521413324299026,0.8825654447254808
52,hybrid_rrf,retrieval_only,0.5780782879579484,0.7074776356363731,0.8424452487264588,0.8984785671012313,0.37666666666666665,0.44960811751105645,0.6400894198751881,0.7364912874566575,0.8984785671012313
52,hybrid_rrf,v1_relevance,0.49578381463658955,0.6175085831544002,0.7971510754905502,0.8984785671012313,0.36133333333333334,0.37494019539808526,0.5649760773443837,0.6578069801421492,0.8984785671012313
52,hybrid_rrf,experimental_ranker,0.49578381463658955,0.6175085831544002,0.7971510754905502,0.8984785671012313,0.36133333333333334,0.37494019539808526,0.5649760773443837,0.6578069801421492,0.8984785671012313
52,hybrid_rrf,blended_policy,0.49578381463658955,0.6175085831544002,0.7971510754905502,0.8984785671012313,0.36133333333333334,0.37494019539808526,0.5649760773443837,0.6578069801421492,0.8984785671012313
62,tfidf,retrieval_only,0.5609674729428363,0.674844984745079,0.8164740247325916,0.884579991911778,0.3573333333333333,0.40298892317328616,0.5730417736372299,0.6423894069596379,0.884579991911778
62,tfidf,v1_relevance,0.4917587970991124,0.6187700288497654,0.789714968040286,0.884579991911778,0.3313333333333333,0.35733841684589795,0.5342919343346747,0.646781086035472,0.884579991911778
62,tfidf,experimental_ranker,0.4917587970991124,0.6187700288497654,0.789714968040286,0.884579991911778,0.3313333333333333,0.35733841684589795,0.5342919343346747,0.646781086035472,0.884579991911778
62,tfidf,blended_policy,0.4917587970991124,0.6187700288497654,0.789714968040286,0.884579991911778,0.3313333333333333,0.35733841684589795,0.5342919343346747,0.646781086035472,0.884579991911778
62,hybrid_rrf,retrieval_only,0.5812844341554887,0.7070480609824414,0.8220715215006453,0.8992553715976931,0.37666666666666665,0.42424590499827464,0.6060743324477522,0.6912008420492292,0.8992553715976931
62,hybrid_rrf,v1_relevance,0.5087523943529323,0.6387765610266132,0.8130119792317186,0.8992553715976931,0.336,0.3668200488060193,0.5468241036545173,0.6522316102943038,0.8992553715976931
62,hybrid_rrf,experimental_ranker,0.5087523943529323,0.6387765610266132,0.8130119792317186,0.8992553715976931,0.336,0.3668200488060193,0.5468241036545173,0.6522316102943038,0.8992553715976931
62,hybrid_rrf,blended_policy,0.5087523943529323,0.6387765610266132,0.8130119792317186,0.8992553715976931,0.336,0.3668200488060193,0.5468241036545173,0.6522316102943038,0.8992553715976931
72,tfidf,retrieval_only,0.5801273735803182,0.707657293092727,0.8333413744142685,0.9016535662375259,0.3966666666666667,0.44546618312585395,0.6069009857053436,0.6668930242113025,0.9016535662375259
72,tfidf,v1_relevance,0.49215370128627645,0.6257079898182093,0.7783367471419248,0.9016535662375259,0.3440000000000001,0.3547518873282447,0.5237112812131905,0.6206799433748724,0.9016535662375259
72,tfidf,experimental_ranker,0.49215370128627645,0.6257079898182093,0.7783367471419248,0.9016535662375259,0.3440000000000001,0.3547518873282447,0.5237112812131905,0.6206799433748724,0.9016535662375259
72,tfidf,blended_policy,0.49215370128627645,0.6257079898182093,0.7783367471419248,0.9016535662375259,0.3440000000000001,0.3547518873282447,0.5237112812131905,0.6206799433748724,0.9016535662375259
72,hybrid_rrf,retrieval_only,0.5784645815216327,0.7128961488020518,0.8491256461649824,0.9127149233388424,0.3926666666666667,0.44043678945449755,0.6097680294556528,0.6916376187801235,0.9127149233388424
72,hybrid_rrf,v1_relevance,0.49622150324388353,0.6396293508529048,0.7910052855777367,0.9127149233388424,0.3486666666666666,0.3599771394885972,0.5305339220313114,0.6285037257525248,0.9127149233388424
72,hybrid_rrf,experimental_ranker,0.49622150324388353,0.6396293508529048,0.7910052855777367,0.9127149233388424,0.3486666666666666,0.3599771394885972,0.5305339220313114,0.6285037257525248,0.9127149233388424
72,hybrid_rrf,blended_policy,0.49622150324388353,0.6396293508529048,0.7910052855777367,0.9127149233388424,0.3486666666666666,0.3599771394885972,0.5305339220313114,0.6285037257525248,0.9127149233388424
82,tfidf,retrieval_only,0.5511247062910035,0.6780925678596436,0.8240961452683776,0.875375307912876,0.37,0.43244658060109314,0.6038656011156225,0.6872505757475593,0.875375307912876
82,tfidf,v1_relevance,0.4811845247603438,0.6203015227940456,0.7722881281230272,0.875375307912876,0.3453333333333333,0.35481559176890726,0.5222813511292154,0.5777444831616458,0.875375307912876
82,tfidf,experimental_ranker,0.4811845247603438,0.6203015227940456,0.7722881281230272,0.875375307912876,0.3453333333333333,0.35481559176890726,0.5222813511292154,0.5777444831616458,0.875375307912876
82,tfidf,blended_policy,0.4811845247603438,0.6203015227940456,0.7722881281230272,0.875375307912876,0.3453333333333333,0.35481559176890726,0.5222813511292154,0.5777444831616458,0.875375307912876
82,hybrid_rrf,retrieval_only,0.5649521302579442,0.6882416150259746,0.8323691971879773,0.8974152398976357,0.37333333333333335,0.45563031382315616,0.6276167068836956,0.7301044617812211,0.8974152398976357
82,hybrid_rrf,v1_relevance,0.4919025650718505,0.6359643106292471,0.7971431801118253,0.8974152398976357,0.34600000000000003,0.35503437713265884,0.5241419786794604,0.5730046054901866,0.8974152398976357
82,hybrid_rrf,experimental_ranker,0.4919025650718505,0.6359643106292471,0.7971431801118253,0.8974152398976357,0.34600000000000003,0.35503437713265884,0.5241419786794604,0.5730046054901866,0.8974152398976357
82,hybrid_rrf,blended_policy,0.4919025650718505,0.6359643106292471,0.7971431801118253,0.8974152398976357,0.34600000000000003,0.35503437713265884,0.5241419786794604,0.5730046054901866,0.8974152398976357
